,phrase,label,sentiment,subjectivity,language,count
Japan,,,,,,
Aomori,,,,,,
Aomori Prefecture,,,,,,
Hokkaido,,,,,,
Kumamoto,,,,,,
Tohoku,,,,,,
Hachinohe City,,,,,,
Iwate Prefecture,,,,,,
Tokyo,,,,,,
Shimane Prefecture,,,,,,
the Great East Japan Earthquake,,,,,,
Hokuriku,,,,,,
China,,,,,,
Sanriku,,,,,,
Fukushima,,,,,,
Pacific,,,,,,
Iwate,,,,,,
Shinkansen,,,,,,
Kanto,,,,,,
Ishikawa Prefecture,,,,,,
Nankai Trough,,,,,,
Okinawa Prefecture,,,,,,
Tottori Prefecture,,,,,,
Akita Prefecture,,,,,,
Oita Prefecture,,,,,,
Aso,,,,,,
JR East,,,,,,
Taiwan,,,,,,
Rikuzentakata City,,,,,,
US,,,,,,
Fukushima Prefecture,,,,,,
Ishikawa,,,,,,
Kumamoto Prefecture,,,,,,
Mindanao Island,,,,,,
Shin-Aomori,,,,,,
Kagoshima Prefecture,,,,,,
Minamiaso Village,,,,,,
Kyushu,,,,,,
Shimane,,,,,,
Oita,,,,,,
Mutsu City,,,,,,
Chiba Prefecture,,,,,,
Gaza,,,,,,
Yarikata,,,,,,
Noheji Town,,,,,,
Hiranai Town,,,,,,
the Kuril Trench,,,,,,
the United States,,,,,,
Hakodate City,,,,,,
Misawa City,,,,,,
Kuji City,,,,,,
Sendai,,,,,,
Nanbu Town,,,,,,
the Noto Peninsula Earthquake,,,,,,
Noto Peninsula Earthquake,,,,,,
Ibaraki Prefecture,,,,,,
Matsue City,,,,,,
Miyako City,,,,,,
Sakaiminato City,,,,,,
Kochi,,,,,,
Matsue,,,,,,
Nemuro,,,,,,
Noto Peninsula,,,,,,
Shimokita,,,,,,
Hachinohe,,,,,,
Aso City,,,,,,
Tsugaru,,,,,,
Goshogawara City,,,,,,
Tsugaru City,,,,,,
Sotogahama Town,,,,,,
Satsuma,,,,,,
Miyazaki Prefecture,,,,,,
Fukuoka Prefecture,,,,,,
Yasugi City,,,,,,
Philippines,,,,,,
Fudai Village,,,,,,
Shimashoka,,,,,,
the Kanto region,,,,,,
Okinawa,,,,,,
Okayama Prefecture,,,,,,
Alaska,,,,,,
Atsuma Town,,,,,,
Mukawa Town,,,,,,
Niikappu Town,,,,,,
South Korea,,,,,,
Chishima Trench,,,,,,
the Chishima Trench,,,,,,
Chiba,,,,,,
the Pacific Ocean,,,,,,
Tohoku Town,,,,,,
Kamikita,,,,,,
Rokkasho Village,,,,,,
Kaidan,,,,,,
Ninohe City,,,,,,
Gonohe Town,,,,,,
Morioka City,,,,,,
the Nemuro Peninsula,,,,,,
Russia,,,,,,
Ibaraki,,,,,,
Kumamoto City,,,,,,
Kawasaki City,,,,,,
Oirase Town,,,,,,
Hachinohe city,,,,,,
Hashikami Town,,,,,,
the Japan Sea,,,,,,
Osaka,,,,,,
the Noto Peninsula,,,,,,
Fuji Rock,,,,,,
Germany,,,,,,
Susaki City,,,,,,
Hiroshima,,,,,,
Sannohe Town,,,,,,
Yokohama City,,,,,,
Santa Claus,,,,,,
Izumo,,,,,,
Kanagawa Prefecture,,,,,,
Nemuro City,,,,,,
Oshima,,,,,,
Tochigi,,,,,,
NTT East,,,,,,
Saitama,,,,,,
the Pacific coast,,,,,,
Rokunohe Town,,,,,,
Saudi Arabia,,,,,,
Americas,,,,,,
Karumai Town,,,,,,
Ukraine,,,,,,
Yabuki Town,,,,,,
Nakadori,,,,,,
Niigata City,,,,,,
San'in,,,,,,
Sukagawa City,,,,,,
Kanagawa,,,,,,
Negaimasu,,,,,,
Central Kalimantan,,,,,,
Sapporo,,,,,,
Kagawa Prefecture,,,,,,
Chugoku,,,,,,
the Tama River,,,,,,
Brussels,,,,,,
Amami,,,,,,
Kamaishi City,,,,,,
Mt.,,,,,,
the Sea of ​​Japan side,,,,,,
Akita,,,,,,
Chernobyl,,,,,,
Venezuela,,,,,,
USA,,,,,,
Niigata,,,,,,
Gunma,,,,,,
JR West,,,,,,
the Nankai Trough,,,,,,
America,,,,,,
Sanriku Offshore Earthquake,,,,,,
Joetsu,,,,,,
HuffPost Japan,,,,,,
Wajima City,,,,,,
Nanao City,,,,,,
Sea,,,,,,
Sanin,,,,,,
Brompton,,,,,,
Tokai Village,,,,,,
Tokai,,,,,,
Taketomi Town,,,,,,
Higashidori Village,,,,,,
Ishigaki Island,,,,,,
Lotteria,,,,,,
Suzu City,,,,,,
Hachimantai City,,,,,,
Urumqi,,,,,,
Kawasaki City's,,,,,,
Nagoya,,,,,,
the Tokara Islands,,,,,,
Nichinan Town,,,,,,
the Sea of ​​Japan coast,,,,,,
Brazil,,,,,,
the Japan Trench,,,,,,
Ubuyama Village,,,,,,
Yonaguni Island,,,,,,
Aomori River,,,,,,
Inashiki City,,,,,,
Kagoshima,,,,,,
Lugansk,,,,,,
Sakura City,,,,,,
Donetsk,,,,,,
Civilization S,,,,,,
Isumi City,,,,,,
Oami Shirasato City,,,,,,
Deir Al Bala,,,,,,
Gaza Strip,,,,,,
Nagoya City,,,,,,
Armenia,,,,,,
Konehito,,,,,,
Tehran,,,,,,
Tsunan Town,,,,,,
Shikoku,,,,,,
the Kii Peninsula,,,,,,
Shirasato,,,,,,
Aizuwakamatsu City,,,,,,
Kesa,,,,,,
Togane City,,,,,,
Yabuki Town's,,,,,,
"Fukushima Prefecture (Commerce, Industry and Tourism Division",,,,,,
Kitanomaru Park,,,,,,
Sampo,,,,,,
Sydney,,,,,,
Neapolitan,,,,,,
Mobara City,,,,,,
Wakayama Prefecture,,,,,,
Rakuten Market,,,,,,
Chiba City,,,,,,
Kagoshima City,,,,,,
Odaiba,,,,,,
Yokohama Arena,,,,,,
Suchmos,,,,,,
Minami,,,,,,
HuffPost,,,,,,
Wakaba Ward,,,,,,
Kuroshima,,,,,,
Zaporizhia,,,,,,
Sammu City,,,,,,
Kherson,,,,,,
Santa,,,,,,
Kuroshima Island,,,,,,
Harajuku,,,,,,
Nakahara,,,,,,
France,,,,,,
The United States',,,,,,
Nanbu,,,,,,
Yamada Town,,,,,,
the Sea of ​​Okhotsk,,,,,,
Kurashiki City,,,,,,
Izumo City,,,,,,
Hoki Town,,,,,,
Hiyoshizu Village,,,,,,
Hokuei Town,,,,,,
Okuizumo Town,,,,,,
Unnan City,,,,,,
Aisapo Omama,,,,,,
Kofu Town,,,,,,
Hino Town,,,,,,
Tsumagoi,,,,,,
Omama,,,,,,
tenki.jp,,,,,,
New Year's,,,,,,
Midori City,,,,,,
Kasaoka City,,,,,,
the Hokuriku region,,,,,,
Toyo Ehime Prefecture,,,,,,
Nichinan-cho,,,,,,
Ichinomiya Town,,,,,,
Oki Shimane Prefecture,,,,,,
Mutsuzawa Town,,,,,,
Chosei Village,,,,,,
Z.ai,,,,,,
Shirako Town,,,,,,
Tottori,,,,,,
Yakage Town,,,,,,
Maniwa City,,,,,,
Nagara Town,,,,,,
Niimi City,,,,,,
Yurakucho,,,,,,
Yonago City,,,,,,
Tsumagoi Village,,,,,,
the Noto Peninsula Earthquake: Damage,,,,,,
Photoaging,,,,,,
Tamagawa Ryokuchi Park Ground,,,,,,
Hinoeuma,,,,,,
Yokoshiba Hikari Town,,,,,,
NHK BS,,,,,,
Anan City,,,,,,
Tokushima Prefecture,,,,,,
Yamabashi Yakuho,,,,,,
Yamahashi,,,,,,
Niigata Prefecture,,,,,,
Typhoon Nocaen,,,,,,
Tono City,,,,,,
Kitakami City,,,,,,
Hanamaki City,,,,,,
Qud,,,,,,
Italia,,,,,,
Udemy,,,,,,
Ecole Lila,,,,,,
Yasugi,,,,,,
Nihondo,,,,,,
Ha Prefecture,,,,,,
the Caroline Islands,,,,,,
New York,,,,,,
The United States,,,,,,
Yokohama,,,,,,
Inasa Beach,,,,,,
IfCv,,,,,,
Ichihara City,,,,,,
Ebisu,,,,,,
Katatsuki,,,,,,
west,,,,,,
the Sea of Japan,,,,,,
the Komae City,,,,,,
Israel,,,,,,
the Sea of ​​Japan,,,,,,
Showa,,,,,,
Jochu,,,,,,
Iwate Miyako City,,,,,,
Nagasaki,,,,,,
the Xinjiang Uyghur Autonomous Region,,,,,,
Xinjiang Uyghur Autonomous Region,,,,,,
Keito,,,,,,
Kanagawa Ward,,,,,,
Kotani,,,,,,
AI,,,,,,
Ichimatsu,,,,,,
Shizuoka,,,,,,
Aramco,,,,,,
Fuji City,,,,,,
Shizuoka Prefecture,,,,,,
Fuji,,,,,,
Kushiro City,,,,,,
Noto Town,,,,,,
Ushitsu,,,,,,
Minato-ku,,,,,,
Tanaka,,,,,,
Saudi Aramco,,,,,,
Toori,,,,,,
Aomori Prefecture Sea,,,,,,
Ofunato,,,,,,
Makomai Nishikou,,,,,,
Kushiro,,,,,,
the Aomori Prefecture Hachinohe City Board of Education,,,,,,
Urakawa,,,,,,
Yokosuka City,,,,,,
Central Pacific,,,,,,
Eastern Pacific,,,,,,
Noto Island,,,,,,
Western Pacific Coast,,,,,,
Pacific coast,,,,,,
Tokachi,,,,,,
Otsuchi,,,,,,
Hawaii,,,,,,
Liaoning,,,,,,
JAPAN,,,,,,
Wenzhou,,,,,,
Kamchatka Peninsula,,,,,,
Parasapo,,,,,,
Semeru Volcano,,,,,,
Cortina d'Ampezzo,,,,,,
Trentino-Alto Adige,,,,,,
Veneto,,,,,,
Lombardy,,,,,,
Italy,,,,,,
Tanzawa,,,,,,
Earth,,,,,,
Indonesia,,,,,,
Nanyo,,,,,,
Shiga Prefecture,,,,,,
Moriyama City,,,,,,
Kesennuma City,,,,,,
Roppongi Hills,,,,,,
Oita City,,,,,,
Zeroire,,,,,,
Beijing,,,,,,
western Oita Prefecture,,,,,,
Ehime Prefecture,,,,,,
TPAC,,,,,,
Aso region,,,,,,
Otomi,,,,,,
the Saigoku region,,,,,,
Kyoto City,,,,,,
Aso city,,,,,,
Malaysia,,,,,,
Sarawak,,,,,,
Kumamoto/Aso,,,,,,
Shibuya-ku,,,,,,
Chikuho,,,,,,
Yatsushiro City,,,,,,
Aso caldera,,,,,,
the Kumamoto Earthquake,,,,,,
The Kumamoto Earthquake,,,,,,
Ashikita,,,,,,
Saga Prefecture,,,,,,
Chikugo,,,,,,
Ishikari,,,,,,
Iburi,,,,,,
Noda Village,,,,,,
Noto,,,,,,
Yakumo,,,,,,
Setsu,,,,,,
Katingan Regency,,,,,,
Hokkaido Kanto,,,,,,
the Aomori Prefecture Eastern Offshore Earthquake,,,,,,
Hakui City,,,,,,
Shiga Town,,,,,,
Pacific Ocean,,,,,,
kogi_musu,,,,,,
Iwanuma City,,,,,,
Honshu,,,,,,
Oarai Town,,,,,,
Narita City,,,,,,
the JR East Mito Branch,,,,,,
eastern Kanagawa Prefecture,,,,,,
Saitama Prefecture,,,,,,
Los Angeles,,,,,,
Funabashi,,,,,,
east,,,,,,
Dresden,,,,,,
Paris,,,,,,
Kobe,,,,,,
Kanazawa,,,,,,
Hachimachi,,,,,,
Bunka-kun,,,,,,
Nemuro Peninsula,,,,,,
Chicago,,,,,,
@GermanyinJapan,,,,,,
Tsurumi Ward,,,,,,
Konakano,,,,,,
Honhachinohe,,,,,,
Kuji,,,,,,
Nagano,,,,,,
Budapest,,,,,,
GNSS,,,,,,
Negaimas,,,,,,
Gunma Prefecture,,,,,,
Mutsu City Library,,,,,,
Satoful,,,,,,
Hamadori,,,,,,
Sichuan province,,,,,,
South America,,,,,,
North America,,,,,,
The Sea,,,,,,
Nomi City,,,,,,
the Sanriku coastline,,,,,,
Aomori Prefecture Earthquake,,,,,,
Namie Town,,,,,,
Miyagi,,,,,,
Cold,,,,,,
️Hirosaki,,,,,,
Aomori City,,,,,,
Kamaishi,,,,,,
Hakodate,,,,,,
Africa,,,,,,
Yamagata,,,,,,
Yuudachi,,,,,,
Aomori - Earthquake,,,,,,
Kitami City,,,,,,
Ishinomaki City,,,,,,
Iwate Prefecture Ichi…,,,,,,
Shichinohe,,,,,,
Nakadomari Town,,,,,,
Imabetsu Town,,,,,,
Ta City,,,,,,
Towa,,,,,,
Shiranai Town,,,,,,
Ikakuya,,,,,,
Teikoku,,,,,,
NTT East's,,,,,,
Kawaragi,,,,,,
Towada City,,,,,,
Shinhidaka Town,,,,,,
Abira Town,,,,,,
Shinshinotsu Village,,,,,,
Okuma Town,,,,,,
